{"cameraMode":{"drawMode":0,"name":"Shaded","section":"Shading Mode"},"sceneLighting":true,"audioPlay":false,"sceneViewState":{"m_AlwaysRefresh":false,"showFog":true,"showSkybox":true,"showFlares":true,"showImageEffects":true,"showParticleSystems":true,"showVisualEffectGraphs":true,"m_FxEnabled":true},"in2DMode":false,"pivot":{"x":-1.4871922731399537,"y":0.3147796094417572,"z":-1.8361992835998536},"rotation":{"x":-0.03862735256552696,"y":0.9164447784423828,"z":-0.09131273627281189,"w":-0.38768258690834048},"size":2.950693130493164,"orthographic":false}