{"cameraMode":{"drawMode":0,"name":"Shaded","section":"Shading Mode"},"sceneLighting":true,"audioPlay":false,"sceneViewState":{"m_AlwaysRefresh":false,"showFog":true,"showSkybox":true,"showFlares":true,"showImageEffects":true,"showParticleSystems":true,"showVisualEffectGraphs":true,"m_FxEnabled":true},"in2DMode":false,"pivot":{"x":1.13822603225708,"y":2.3544609546661379,"z":-10.063983917236329},"rotation":{"x":0.021261289715766908,"y":0.9580177664756775,"z":-0.07373141497373581,"w":0.2763126492500305},"size":9.787757873535157,"orthographic":false}