{"cameraMode":{"drawMode":0,"name":"Shaded","section":"Shading Mode"},"sceneLighting":true,"audioPlay":false,"sceneViewState":{"m_AlwaysRefresh":false,"showFog":true,"showSkybox":true,"showFlares":true,"showImageEffects":true,"showParticleSystems":true,"showVisualEffectGraphs":true,"m_FxEnabled":true},"in2DMode":false,"pivot":{"x":-0.08499830961227417,"y":-0.15268327295780183,"z":0.2880261540412903},"rotation":{"x":0.07089931517839432,"y":0.9181035757064819,"z":-0.1916692554950714,"w":0.3396160304546356},"size":3.309292793273926,"orthographic":false}